Contrast,condition,A,B,Paired,Parametric,T,dof,alternative,p-unc,BF10,hedges,DV,p-bonf-global,alpha_bonf_global,sig_bonf_global,sig_from_punc_global
group,-,HC,PSP,False,True,6.528474611734886,24.728571848932067,two-sided,8.150196968312884e-07,3.339e+04,2.304458983241415,Velocity,5.216126059720246e-05,0.00078125,True,True
group,-,PD,PSP,False,True,1.692843992251835,28.0,two-sided,0.1015848133272433,0.995,0.6014327616606038,Velocity,1.0,0.00078125,False,False
condition * group,fast,HC,PSP,False,True,8.224648839039348,28.57373777072504,two-sided,5.099180183700964e-09,2.101e+06,2.8575207373266407,Velocity,3.263475317568617e-07,0.00078125,True,True
condition * group,fast,PD,PSP,False,True,2.4719685035066292,28.0,two-sided,0.019780738718499925,3.071,0.8782397259326717,Velocity,1.0,0.00078125,False,False
condition * group,normal,HC,PSP,False,True,7.739326512730545,22.722273430712477,two-sided,8.183336135500212e-08,6.568e+05,2.7513278494709783,Velocity,5.237335126720136e-06,0.00078125,True,True
condition * group,normal,PD,PSP,False,True,1.9195249483382488,28.0,two-sided,0.06516090742441462,1.332,0.6819678576640851,Velocity,1.0,0.00078125,False,False
condition * group,turn,HC,PSP,False,True,2.06088083658453,26.57815689648658,two-sided,0.04922444990751551,1.619,0.7224541460840017,Velocity,1.0,0.00078125,False,False
condition * group,turn,PD,PSP,False,True,0.0521275850048106,28.0,two-sided,0.9587971557611166,0.345,0.01851986216782885,Velocity,1.0,0.00078125,False,False
group,-,HC,PSP,False,True,5.400287919147862,26.03734697228295,two-sided,1.1668176635662767e-05,1992.04,1.8970668145626777,Cadence,0.0007467633046824171,0.00078125,True,True
group,-,PD,PSP,False,True,3.1888969626141885,28.0,two-sided,0.0035021000934431913,11.378,1.132949708097405,Cadence,0.22413440598036424,0.00078125,False,False
condition * group,fast,HC,PSP,False,True,5.387484874042635,29.490545542223103,two-sided,8.214071637320024e-06,1929.62,1.8606198010104886,Cadence,0.0005257005847884816,0.00078125,True,True
condition * group,fast,PD,PSP,False,True,3.315376785094107,28.0,two-sided,0.0025386207048868135,14.652,1.1778853957783784,Cadence,0.16247172511275607,0.00078125,False,False
condition * group,normal,HC,PSP,False,True,4.790892945308778,20.90010187847811,two-sided,9.953928302676389e-05,444.03,1.714233839649779,Cadence,0.006370514113712889,0.00078125,True,True
condition * group,normal,PD,PSP,False,True,3.3688615624829437,28.0,two-sided,0.002213086209188589,16.333,1.1968874405734105,Cadence,0.1416375173880697,0.00078125,False,False
condition * group,turn,HC,PSP,False,True,3.97853062044368,28.78332717320059,two-sided,0.00042844427237152854,65.079,1.3806655665035217,Cadence,0.027420433431777826,0.00078125,True,True
condition * group,turn,PD,PSP,False,True,1.956092455491559,28.0,two-sided,0.0604973972287745,1.4,0.6949595432032846,Cadence,1.0,0.00078125,False,False
group,-,HC,PSP,False,True,4.829989122598547,20.987456078171316,two-sided,8.977026146133796e-05,488.366,1.7276778207922086,StepLengthmean,0.0057452967335256296,0.00078125,True,True
group,-,PD,PSP,False,True,0.3790385542525803,28.0,two-sided,0.7075184624900915,0.364,0.13466462680753555,StepLengthmean,1.0,0.00078125,False,False
condition * group,fast,HC,PSP,False,True,6.703665405161911,20.959391893122362,two-sided,1.2506418172725594e-06,5.165e+04,2.3981310679749672,StepLengthmean,8.00410763054438e-05,0.00078125,True,True
condition * group,fast,PD,PSP,False,True,0.902984704331958,28.0,two-sided,0.3742371489561792,0.469,0.32081195133713275,StepLengthmean,1.0,0.00078125,False,False
condition * group,normal,HC,PSP,False,True,7.238007608474943,20.40828777238375,two-sided,4.678013875815268e-07,1.936e+05,2.5944756582256843,StepLengthmean,2.9939288805217716e-05,0.00078125,True,True
condition * group,normal,PD,PSP,False,True,0.6824428062901555,28.0,two-sided,0.5005663734059748,0.411,0.24245793678632216,StepLengthmean,1.0,0.00078125,False,False
condition * group,turn,HC,PSP,False,True,0.6886327392262585,24.891898636362473,two-sided,0.49742306242857215,0.404,0.24293472552369208,StepLengthmean,1.0,0.00078125,False,False
condition * group,turn,PD,PSP,False,True,-0.4354343746197702,28.0,two-sided,0.6665854619621052,0.37,-0.1547009054869642,StepLengthmean,1.0,0.00078125,False,False
group,-,HC,PSP,False,True,-4.570360748003878,18.903627582613634,two-sided,0.00021151703745957373,260.591,-1.6475358577258317,CycleTimemean,0.013537090397412719,0.00078125,True,True
group,-,PD,PSP,False,True,-2.123150920968394,28.0,two-sided,0.0427147008330873,1.777,-0.7543119907474104,CycleTimemean,1.0,0.00078125,False,False
condition * group,fast,HC,PSP,False,True,-4.9787755585827025,20.926979195255598,two-sided,6.362850771631475e-05,702.692,-1.7812872779972242,CycleTimemean,0.004072224493844144,0.00078125,True,True
condition * group,fast,PD,PSP,False,True,-3.126719694573807,28.0,two-sided,0.004095965891082817,10.07,-1.1108593995981,CycleTimemean,0.2621418170293003,0.00078125,False,False
condition * group,normal,HC,PSP,False,True,-4.494968051207135,17.262153625502915,two-sided,0.00030814141674668626,217.556,-1.6310710006527238,CycleTimemean,0.01972105067178792,0.00078125,True,True
condition * group,normal,PD,PSP,False,True,-3.0730403093807808,28.0,two-sided,0.004685035571990104,9.073,-1.0917882146403297,CycleTimemean,0.2998422766073667,0.00078125,False,False
condition * group,turn,HC,PSP,False,True,-3.2440918323622956,22.317807499269573,two-sided,0.0036764284063315806,13.22,-1.1549185014636,CycleTimemean,0.23529141800522116,0.00078125,False,False
condition * group,turn,PD,PSP,False,True,-0.6988462414040642,28.0,two-sided,0.49041270531954206,0.415,-0.24828574095872868,CycleTimemean,1.0,0.00078125,False,False
group,-,HC,PSP,False,True,5.556627129592918,28.98699245414128,two-sided,5.416407763945602e-06,2940.519,1.9259647313360304,SingleSupportmean,0.00034665009689251853,0.00078125,True,True
group,-,PD,PSP,False,True,0.8668547994495912,28.0,two-sided,0.39338970808651275,0.458,0.3079757369125349,SingleSupportmean,1.0,0.00078125,False,False
condition * group,fast,HC,PSP,False,True,6.125533715659744,29.996225358240398,two-sided,9.82669729442969e-07,1.22e+04,2.09924479250504,SingleSupportmean,6.289086268435001e-05,0.00078125,True,True
condition * group,fast,PD,PSP,False,True,1.8208443111644046,28.0,two-sided,0.07933389140083472,1.168,0.6469086505489948,SingleSupportmean,1.0,0.00078125,False,False
condition * group,normal,HC,PSP,False,True,5.460135323516568,23.085427206958308,two-sided,1.4822662980612363e-05,2311.959,1.9385979179732806,SingleSupportmean,0.0009486504307591912,0.00078125,True,True
condition * group,normal,PD,PSP,False,True,1.002270023128007,28.0,two-sided,0.32479670171293973,0.503,0.3560859894346599,SingleSupportmean,1.0,0.00078125,False,False
condition * group,turn,HC,PSP,False,True,2.7476667919667,28.378036860556307,two-sided,0.010315315827055036,5.042,0.955612467839087,SingleSupportmean,0.6601802129315223,0.00078125,False,False
condition * group,turn,PD,PSP,False,True,0.015066163290720245,28.0,two-sided,0.9880862383056441,0.344,0.005352698912032697,SingleSupportmean,1.0,0.00078125,False,False
group,-,HC,PSP,False,True,-4.690023968778353,25.76399353819575,two-sided,7.775077967030734e-05,347.674,-1.649255719085115,DoubleSupportmean,0.00497604989889967,0.00078125,True,True
group,-,PD,PSP,False,True,-0.06956267123028206,28.0,two-sided,0.9450361835275056,0.345,-0.024714190827983436,DoubleSupportmean,1.0,0.00078125,False,False
condition * group,fast,HC,PSP,False,True,-6.664438698112256,29.8659801032286,two-sided,2.262899170439477e-07,4.685e+04,-2.2726330539438337,DoubleSupportmean,1.4482554690812653e-05,0.00078125,True,True
condition * group,fast,PD,PSP,False,True,-1.5404389370173994,28.0,two-sided,0.13467994796937865,0.833,-0.547286370333217,DoubleSupportmean,1.0,0.00078125,False,False
condition * group,normal,HC,PSP,False,True,-5.896371645701666,23.062996015831256,two-sided,5.147270804079939e-06,6873.875,-2.093646945554171,DoubleSupportmean,0.0003294253314611161,0.00078125,True,True
condition * group,normal,PD,PSP,False,True,-0.8957112669565752,28.0,two-sided,0.3780431901654181,0.467,-0.3182278481666906,DoubleSupportmean,1.0,0.00078125,False,False
condition * group,turn,HC,PSP,False,True,-1.0146135129884921,29.580922013235657,two-sided,0.3185175306586445,0.499,-0.3501255188658006,DoubleSupportmean,1.0,0.00078125,False,False
condition * group,turn,PD,PSP,False,True,1.2290147951143555,28.0,two-sided,0.2292953513410334,0.607,0.4366437579189552,DoubleSupportmean,1.0,0.00078125,False,False
group,-,HC,PSP,False,True,5.349514848288006,28.722981324781806,two-sided,9.884719271811747e-06,1755.864,1.857074976184602,Swingmean,0.0006326220333959518,0.00078125,True,True
group,-,PD,PSP,False,True,0.619148161589368,28.0,two-sided,0.540824135592409,0.398,0.2199706472694166,Swingmean,1.0,0.00078125,False,False
condition * group,fast,HC,PSP,False,True,6.121887590960945,29.99616318962883,two-sided,9.927136028671862e-07,1.209e+04,2.098007551357031,Swingmean,6.353367058349992e-05,0.00078125,True,True
condition * group,fast,PD,PSP,False,True,1.8253099633853171,28.0,two-sided,0.07863950836004287,1.175,0.6484952052227463,Swingmean,1.0,0.00078125,False,False
condition * group,normal,HC,PSP,False,True,5.427934355500389,23.068576362254067,two-sided,1.608018531896152e-05,2133.869,1.9272793212062547,Swingmean,0.0010291318604135373,0.00078125,True,True
condition * group,normal,PD,PSP,False,True,0.9972587142307723,28.0,two-sided,0.32717977427823186,0.501,0.3543055741315409,Swingmean,1.0,0.00078125,False,False
condition * group,turn,HC,PSP,False,True,2.917172599104218,29.804494602409527,two-sided,0.0066542665201985655,6.923,0.9939041943070875,Swingmean,0.4258730572927082,0.00078125,False,False
condition * group,turn,PD,PSP,False,True,-0.6373305779344038,28.0,two-sided,0.5290869060978052,0.402,-0.22643048699836366,Swingmean,1.0,0.00078125,False,False
group,-,HC,PSP,False,True,-0.650632837746852,27.65264824729046,two-sided,0.5206534241980317,0.401,-0.22913873159423892,StepLengthSymmetryRatio,1.0,0.00078125,False,False
group,-,PD,PSP,False,True,0.13724861252877008,21.817193304419455,two-sided,0.8920930271927997,0.351,0.04861057691551626,StepLengthSymmetryRatio,1.0,0.00078125,False,False
condition * group,fast,HC,PSP,False,True,-1.4621783259951997,16.747399395602827,two-sided,0.1622043055172252,0.761,-0.5514721575864773,StepLengthSymmetryRatio,1.0,0.00078125,False,False
condition * group,fast,PD,PSP,False,True,0.28088342549721246,25.70965684674713,two-sided,0.7810479049259699,0.359,0.1003968026371831,StepLengthSymmetryRatio,1.0,0.00078125,False,False
condition * group,normal,HC,PSP,False,True,-2.6268954716127983,14.597365326674899,two-sided,0.019379352607761954,4.027,-1.0069630098773583,StepLengthSymmetryRatio,1.0,0.00078125,False,False
condition * group,normal,PD,PSP,False,True,-0.796144827309242,26.42356364469224,two-sided,0.43304276156831445,0.443,-0.2883481426450778,StepLengthSymmetryRatio,1.0,0.00078125,False,False
condition * group,turn,HC,PSP,False,True,1.373073254135765,23.831655631785924,two-sided,0.18251204951859815,0.693,0.4531929740506276,StepLengthSymmetryRatio,1.0,0.00078125,False,False
condition * group,turn,PD,PSP,False,True,0.6942567276804069,20.570248021139555,two-sided,0.49528811956914176,0.418,0.24528697999413876,StepLengthSymmetryRatio,1.0,0.00078125,False,False
